Mxenes,deltaG_H
CrCrBF2-1,0.3978306
CrCrBF2-2,2.3810696
CrCrBF2-3,2.4661076
CrHfCF2-1,1.5775934
CrHfCF2-2,2.2858796
CrHfCF2-3,2.2806703
CrMoCF2-1,-0.3275536
CrMoCF2-2,1.2831992
CrMoCF2-3,1.2390134
CrMoNCl2-1,1.2357224
CrMoNCl2-2,2.4717678
CrMoNCl2-3,2.4161191
CrMoNO2-1,-0.905786
CrMoNO2-2,2.2748269
CrMoNO2-3,-0.6405066
CrMoNS2-1,-0.05732761
CrMoNS2-2,0.77746069
CrMoNS2-3,0.96994259
CrMoNX-1,-1.0500833
CrMoNX-2,-0.1217908
CrMoNX-3,-1.1975665
CrNbBF2-1,2.0359358
CrNbBF2-2,2.261246
CrNbBF2-3,2.3065943
CrScNF2-1,1.8416193
CrScNF2-2,2.2406927
CrScNF2-3,2.2845985
CrVCF2-1,1.1061528
CrVCF2-2,2.3546827
CrVCF2-3,2.2867928
CrYBCl2-1,1.0984191
CrYBCl2-2,2.1939444
CrYBCl2-3,2.2063976
CrYBO2-1,-0.5331964
CrYBO2-2,0.0837412
CrYBO2-3,2.0648758
CrYBS2-1,-0.92324259
CrYBS2-2,-1.06681299
CrYBS2-3,-0.42083489
CrYBX-1,-0.07537382
CrYBX-2,-0.13351326
CrYBX-3,-0.50614669
CrZrNF2-1,1.8955654
CrZrNF2-2,2.2323555
CrZrNF2-3,2.2867708
HfCrBCl2-1,2.7427352
HfCrBCl2-2,2.3900006
HfCrBCl2-3,2.3425285
HfCrBO2-1,0.5194822
HfCrBO2-2,2.1378233
HfCrBO2-3,2.3107162
HfCrBS2-1,0.29313397
HfCrBS2-2,-0.13502233
HfCrBS2-3,-0.46537783
HfCrBX-1,-1.3298613
HfCrBX-2,0.3393724
HfCrBX-3,-1.0705197
HfCrCCl2-1,2.1828818
HfCrCCl2-2,2.3225611
HfCrCCl2-3,2.34392
HfCrCO2-1,-0.0101392
HfCrCO2-2,2.0466211
HfCrCO2-3,2.1227239
HfCrCS2-1,0.04577657
HfCrCS2-2,0.33868917
HfCrCS2-3,0.69178817
HfCrCX-1,-1.394454
HfCrCX-2,0.4666601
HfCrCX-3,-1.0599221
HfCrNCl2-1,2.1977225
HfCrNCl2-2,2.3383105
HfCrNCl2-3,2.3189968
HfCrNF2-1,1.9227427
HfCrNF2-2,2.0544438
HfCrNF2-3,1.9671296
HfCrNO2-1,1.497432
HfCrNO2-2,2.3549159
HfCrNO2-3,2.3249574
HfCrNS2-1,0.6019985
HfCrNS2-2,2.1838684
HfCrNS2-3,2.1139507
HfCrNX-1,-1.4297569
HfCrNX-2,0.4538102
HfCrNX-3,0.1200928
HfHfBCl2-1,2.2612022
HfHfBCl2-2,2.3339142
HfHfBCl2-3,2.3335462
HfHfBO2-1,-0.1712212
HfHfBO2-2,2.2473493
HfHfBO2-3,2.3110239
HfHfBS2-1,0.15296346
HfHfBS2-2,0.75229556
HfHfBS2-3,-0.19467974
HfHfBX-1,-0.6896045
HfHfBX-2,0.2702176
HfHfBX-3,-0.9201317
HfHfNF2-1,2.42772
HfHfNF2-2,2.4956652
HfHfNF2-3,2.3164723
HfMnCCl2-1,2.4324182
HfMnCCl2-2,1.5599185
HfMnCCl2-3,2.47391
HfMnCO2-1,0.7002727
HfMnCO2-2,2.2400489
HfMnCO2-3,2.2751284
HfMnCS2-1,0.11608503
HfMnCS2-2,0.68172603
HfMnCS2-3,0.79932613
HfMnCX-1,-2.7766954
HfMnCX-2,-0.8962613
HfMnCX-3,-1.5647907
HfMoNF2-1,2.1159006
HfMoNF2-2,2.1419573
HfMoNF2-3,2.067502
HfNbBF2-1,2.9981969
HfNbBF2-2,2.3716291
HfNbBF2-3,2.2973938
HfNbCF2-1,2.4344946
HfNbCF2-2,2.3210997
HfNbCF2-3,2.2960083
HfScBF2-1,2.4287954
HfScBF2-2,2.2296517
HfScBF2-3,2.2970644
HfTiCCl2-1,2.2119466
HfTiCCl2-2,2.3181705
HfTiCCl2-3,2.3411545
HfTiCO2-1,0.8428253
HfTiCO2-2,2.2590003
HfTiCO2-3,2.2797853
HfTiCS2-1,0.19801929
HfTiCS2-2,0.80118299
HfTiCS2-3,0.87885189
HfTiCX-1,-1.4629361
HfTiCX-2,0.3990976
HfTiCX-3,-1.0586451
HfTiNCl2-1,2.4602028
HfTiNCl2-2,2.3376142
HfTiNCl2-3,2.3169899
HfTiNO2-1,1.0489903
HfTiNO2-2,1.3971121
HfTiNO2-3,2.3124128
HfTiNS2-1,0.59352556
HfTiNS2-2,2.14326406
HfTiNS2-3,2.02183786
HfTiNX-1,-1.1854271
HfTiNX-2,0.4778387
HfTiNX-3,-1.0835865
HfVCF2-1,2.3312806
HfVCF2-2,2.3666491
HfVCF2-3,2.3022475
HfVNCl2-1,2.1730519
HfVNCl2-2,2.3088769
HfVNCl2-3,2.3151455
HfVNO2-1,1.2698066
HfVNO2-2,2.3461351
HfVNO2-3,2.2906899
HfVNS2-1,0.42977087
HfVNS2-2,2.14784487
HfVNS2-3,2.09075007
HfVNX-1,-1.1780827
HfVNX-2,0.4949332
HfVNX-3,-0.6286022
HfYBF2-1,2.4198483
HfYBF2-2,2.0461258
HfYBF2-3,2.3204144
HfZrCF2-1,2.4166791
HfZrCF2-2,2.4108633
HfZrCF2-3,2.3025756
MnCrBCl2-1,1.3094037
MnCrBCl2-2,2.3928118
MnCrBCl2-3,2.3443394
MnCrBO2-1,-1.1369103
MnCrBO2-2,1.5400991
MnCrBO2-3,2.0663549
MnCrBS2-1,0.43128079
MnCrBS2-2,0.95159059
MnCrBS2-3,0.72913459
MnCrBX-1,-3.62980715
MnCrBX-2,-2.28673388
MnCrBX-3,-3.51246683
MnCrCCl2-1,1.1939625
MnCrCCl2-2,2.2527271
MnCrCCl2-3,1.8067959
MnCrCO2-1,-1.6821114
MnCrCO2-2,0.7017894
MnCrCO2-3,-1.8919386
MnCrCS2-1,-1.5210002
MnCrCS2-2,-0.8763805
MnCrCS2-3,0.6108569
MnCrCX-1,-0.7836156
MnCrCX-2,-0.3313415
MnCrCX-3,-0.6440857
MnCrNCl2-1,2.2089554
MnCrNCl2-2,2.2566886
MnCrNCl2-3,2.372391
MnCrNO2-1,-1.2620486
MnCrNO2-2,1.9128147
MnCrNO2-3,-0.94493
MnCrNS2-1,-0.16233973
MnCrNS2-2,1.82678877
MnCrNS2-3,1.57621277
MnCrNX-1,0.5538606
MnCrNX-2,0.5176552
MnCrNX-3,0.9194055
MnHfBCl2-1,1.6471188
MnHfBCl2-2,2.3238013
MnHfBCl2-3,2.3406132
MnHfBO2-1,-0.9526589
MnHfBO2-2,1.392879
MnHfBO2-3,0.6407923
MnHfBS2-1,0.21519093
MnHfBS2-2,1.39702153
MnHfBS2-3,1.25411063
MnHfBX-1,-0.49985053
MnHfBX-2,0.00662487
MnHfBX-3,0.04488097
MnHfCF2-1,0.9535473
MnHfCF2-2,2.3078455
MnHfCF2-3,2.0245043
MnMnBCl2-1,1.3137366
MnMnBCl2-2,2.4072326
MnMnBCl2-3,2.3770491
MnMnBO2-1,-1.3372893
MnMnBO2-2,2.2473
MnMnBO2-3,0.0598556
MnMnBS2-1,-0.00665368
MnMnBS2-2,0.64711292
MnMnBS2-3,1.06825922
MnMnBX-1,-1.18964695
MnMnBX-2,0.62421
MnMnBX-3,-0.81685633
MnMnNCl2-1,1.3113952
MnMnNCl2-2,2.330413
MnMnNCl2-3,2.4208097
MnMnNO2-1,-1.0342701
MnMnNO2-2,1.6343912
MnMnNO2-3,2.049527
MnMnNS2-1,0.2238055
MnMnNS2-2,-0.4661218
MnMnNS2-3,-0.5938048
MnMnNX-1,-1.19704257
MnMnNX-2,-0.38942487
MnMnNX-3,-0.71469967
MnMoBCl2-1,0.5889958
MnMoBCl2-2,3.1132914
MnMoBCl2-3,2.2673271
MnMoBO2-1,-1.1618136
MnMoBO2-2,1.5278261
MnMoBO2-3,1.9479425
MnMoBS2-1,-0.04966273
MnMoBS2-2,0.68823487
MnMoBS2-3,0.99551287
MnMoBX-1,-2.39414592
MnMoBX-2,-1.83297972
MnMoBX-3,-2.49655092
MnMoNF2-1,2.4102826
MnMoNF2-2,2.2068882
MnMoNF2-3,2.3031336
MnNbCCl2-1,0.75543
MnNbCCl2-2,2.1760659
MnNbCCl2-3,2.1712736
MnNbCO2-1,-1.7905896
MnNbCO2-2,1.1706475
MnNbCO2-3,-0.0117088
MnNbCS2-1,-0.10568667
MnNbCS2-2,0.70350443
MnNbCS2-3,0.92405733
MnNbCX-1,-0.5290537
MnNbCX-2,-0.2177547
MnNbCX-3,-0.2776156
MnScBCl2-1,1.4414082
MnScBCl2-2,2.3333943
MnScBCl2-3,2.3151884
MnScBO2-1,-0.4142876
MnScBO2-2,1.5245452
MnScBO2-3,-2.0129045
MnScBS2-1,0.09898927
MnScBS2-2,0.20480807
MnScBS2-3,1.19402247
MnScBX-1,-2.65922002
MnScBX-2,-2.07241843
MnScBX-3,-2.53725953
MnTiBF2-1,1.0894269
MnTiBF2-2,2.2890417
MnTiBF2-3,2.2817042
MnTiCCl2-1,0.7801151
MnTiCCl2-2,1.8966158
MnTiCCl2-3,1.9262414
MnTiCO2-1,-0.1949139
MnTiCO2-2,2.3962933
MnTiCO2-3,2.0243418
MnTiCS2-1,0.05537681
MnTiCS2-2,0.79501311
MnTiCS2-3,1.13135821
MnTiCX-1,-0.6115457
MnTiCX-2,-0.19998
MnTiCX-3,-0.4392994
MnTiNF2-1,2.7402924
MnTiNF2-2,2.4423101
MnTiNF2-3,2.4532527
MnVCF2-1,0.9955129
MnVCF2-2,2.2152379
MnVCF2-3,2.3782849
MnVNCl2-1,0.7087629
MnVNCl2-2,1.8648413
MnVNCl2-3,1.1796227
MnVNO2-1,-1.7998179
MnVNO2-2,1.8790889
MnVNO2-3,1.88139
MnVNS2-1,0.46527448
MnVNS2-2,0.78476008
MnVNS2-3,1.02724668
MnVNX-1,-0.0838739
MnVNX-2,0.8382169
MnVNX-3,-0.7081221
MnYBCl2-1,1.334436
MnYBCl2-2,2.388228
MnYBCl2-3,3.5326758
MnYBO2-1,-3.4881188
MnYBO2-2,0.4777044
MnYBO2-3,2.0118275
MnYBS2-1,0.14239289
MnYBS2-2,-0.12144491
MnYBS2-3,0.56501829
MnYBX-1,-0.30399133
MnYBX-2,-0.02843267
MnYBX-3,-0.20947312
MnYCCl2-1,1.4758324
MnYCCl2-2,2.349591
MnYCCl2-3,2.4535459
MnYCO2-1,-2.0218885
MnYCO2-2,-1.8543075
MnYCO2-3,-0.0395802
MnYCS2-1,1.82065127
MnYCS2-2,2.17481617
MnYCS2-3,1.41223957
MnYCX-1,-0.20362097
MnYCX-2,0.03425098
MnYCX-3,0.2377568
MnYNCl2-1,0.536091
MnYNCl2-2,2.4728387
MnYNCl2-3,2.7251538
MnYNO2-1,-0.8383281
MnYNO2-2,2.3073922
MnYNO2-3,2.0795067
MnYNS2-1,0.82493536
MnYNS2-2,0.95990546
MnYNS2-3,1.23042526
MnYNX-1,-0.46162156
MnYNX-2,0.19162104
MnYNX-3,-0.26918716
MnZrBF2-1,1.1504844
MnZrBF2-2,2.2922156
MnZrBF2-3,2.2704596
MnZrNF2-1,2.5700303
MnZrNF2-2,2.2991017
MnZrNF2-3,2.4545079
MoCrBF2-1,1.8125551
MoCrBF2-2,2.3994089
MoCrBF2-3,2.2746938
MoCrCF2-1,0.7876662
MoCrCF2-2,1.4064833
MoCrCF2-3,1.5192106
MoCrNF2-1,2.3181573
MoCrNF2-2,2.081659
MoCrNF2-3,2.0958969
MoHfNCl2-1,1.8899718
MoHfNCl2-2,2.3139207
MoHfNCl2-3,2.3311427
MoHfNO2-1,3.8235201
MoHfNO2-2,-0.4290226
MoHfNO2-3,2.0047008
MoHfNS2-1,-0.95727866
MoHfNS2-2,0.73994094
MoHfNS2-3,0.17279924
MoHfNX-1,-0.8179536
MoHfNX-2,-0.4654548
MoHfNX-3,-0.8325797
MoNbNCl2-1,0.5322066
MoNbNCl2-2,1.1245444
MoNbNCl2-3,1.1215397
MoNbNO2-1,-1.1750594
MoNbNO2-2,-0.5169758
MoNbNO2-3,2.3370155
MoNbNS2-1,0.26895888
MoNbNS2-2,2.25658608
MoNbNS2-3,1.26370088
MoNbNX-1,-1.3601937
MoNbNX-2,-0.7722701
MoNbNX-3,-1.2500836
MoScBF2-1,2.0242453
MoScBF2-2,2.507222
MoScBF2-3,2.2759561
MoScCF2-1,1.9495178
MoScCF2-2,2.3378467
MoScCF2-3,2.2805418
MoTiNF2-1,2.3284122
MoTiNF2-2,2.2161386
MoTiNF2-3,2.2672699
MoVBF2-1,1.4924648
MoVBF2-2,2.2020464
MoVBF2-3,2.2826208
MoVCF2-1,1.83807
MoVCF2-2,2.2238355
MoVCF2-3,2.2848413
MoYBCl2-1,1.6090585
MoYBCl2-2,2.3268707
MoYBCl2-3,2.378022
MoYBO2-1,-0.3737176
MoYBO2-2,1.5823609
MoYBO2-3,2.5571654
MoYBS2-1,0.16953802
MoYBS2-2,2.03803042
MoYBS2-3,1.35683852
MoYBX-1,-0.17085925
MoYBX-2,0.05487398
MoYBX-3,-0.34525193
MoYCCl2-1,2.0258943
MoYCCl2-2,2.3508186
MoYCCl2-3,2.256496
MoYCO2-1,-1.3987915
MoYCO2-2,0.6715164
MoYCO2-3,2.2997243
MoYCS2-1,-1.16721543
MoYCS2-2,0.54707837
MoYCS2-3,0.36774847
MoYCX-1,-0.9576578
MoYCX-2,-0.4091833
MoYCX-3,-0.2448013
MoYNF2-1,2.4879832
MoYNF2-2,2.1407266
MoYNF2-3,2.206034
MoZrBCl2-1,1.5750018
MoZrBCl2-2,2.3109693
MoZrBCl2-3,2.3891143
MoZrBO2-1,-1.0607706
MoZrBO2-2,0.9047483
MoZrBO2-3,2.1523554
MoZrBS2-1,-0.1550679
MoZrBS2-2,2.0832681
MoZrBS2-3,1.2704237
MoZrBX-1,-0.616036
MoZrBX-2,-0.0627211
MoZrBX-3,-0.5920056
MoZrCCl2-1,1.7374222
MoZrCCl2-2,2.3341338
MoZrCCl2-3,2.427899
MoZrCO2-1,-1.4333851
MoZrCO2-2,1.0371223
MoZrCO2-3,2.2768349
MoZrCS2-1,-0.99388034
MoZrCS2-2,2.10835126
MoZrCS2-3,0.39918836
MoZrCX-1,-1.1730983
MoZrCX-2,-0.3122076
MoZrCX-3,-0.7830014
NbCrBF2-1,2.6164179
NbCrBF2-2,2.1786338
NbCrBF2-3,2.2622005
NbCrCCl2-1,2.3056738
NbCrCCl2-2,2.363195
NbCrCCl2-3,2.3278461
NbCrCO2-1,0.6800725
NbCrCO2-2,1.1506357
NbCrCO2-3,2.0492094
NbCrCS2-1,0.3968868
NbCrCS2-2,0.9770232
NbCrCS2-3,1.2807302
NbCrCX-1,-1.3886528
NbCrCX-2,0.0513569
NbCrCX-3,-0.9465769
NbCrNCl2-1,2.4380993
NbCrNCl2-2,2.3623561
NbCrNCl2-3,2.3223182
NbCrNO2-1,-0.4282436
NbCrNO2-2,2.3432357
NbCrNO2-3,1.6507022
NbCrNS2-1,0.20016249
NbCrNS2-2,2.32610729
NbCrNS2-3,1.29065569
NbCrNX-1,-1.5598396
NbCrNX-2,-0.4499167
NbCrNX-3,-1.3060086
NbHfBCl2-1,2.4903317
NbHfBCl2-2,2.3017183
NbHfBCl2-3,2.3297643
NbHfBO2-1,0.600912
NbHfBO2-2,2.3340198
NbHfBO2-3,2.4478499
NbHfBS2-1,0.11283762
NbHfBS2-2,0.78223092
NbHfBS2-3,-0.13845938
NbHfBX-1,-2.0399028
NbHfBX-2,-0.5279659
NbHfBX-3,-1.7449415
NbMnNCl2-1,1.1987215
NbMnNCl2-2,2.2683174
NbMnNCl2-3,2.203461
NbMnNO2-1,4.1849263
NbMnNO2-2,-0.1936411
NbMnNO2-3,2.3662356
NbMnNS2-1,0.51247222
NbMnNS2-2,2.13920962
NbMnNS2-3,1.30284762
NbMnNX-1,-1.1258338
NbMnNX-2,3.2582343
NbMnNX-3,-0.7685411
NbMoCF2-1,2.2099253
NbMoCF2-2,1.0736297
NbMoCF2-3,2.276116
NbMoNCl2-1,1.152146
NbMoNCl2-2,1.2938902
NbMoNCl2-3,1.2836607
NbMoNO2-1,-0.5010514
NbMoNO2-2,0.0884232
NbMoNO2-3,2.3304504
NbMoNS2-1,0.41888566
NbMoNS2-2,2.12807626
NbMoNS2-3,1.22128296
NbMoNX-1,-0.9635413
NbMoNX-2,-0.2300642
NbMoNX-3,-1.1288164
NbNbBF2-1,2.4696119
NbNbBF2-2,2.2193079
NbNbBF2-3,2.2828179
NbNbCF2-1,2.4615742
NbNbCF2-2,2.2944254
NbNbCF2-3,2.2802482
NbNbNF2-1,2.3319551
NbNbNF2-2,1.0927042
NbNbNF2-3,2.2784604
NbScBF2-1,2.1761431
NbScBF2-2,1.1880906
NbScBF2-3,2.2739478
NbTiCCl2-1,2.4862767
NbTiCCl2-2,2.2966686
NbTiCCl2-3,2.3259674
NbTiCO2-1,0.47811
NbTiCO2-2,1.3300502
NbTiCO2-3,2.2920172
NbTiCS2-1,0.44112539
NbTiCS2-2,2.11433699
NbTiCS2-3,1.41005619
NbTiCX-1,-1.4313942
NbTiCX-2,0.0483974
NbTiCX-3,-0.9535256
NbTiNCl2-1,2.4376854
NbTiNCl2-2,2.2445573
NbTiNCl2-3,2.2887547
NbTiNO2-1,0.7378253
NbTiNO2-2,1.1956528
NbTiNO2-3,2.2628349
NbTiNS2-1,-0.04171524
NbTiNS2-2,2.13344116
NbTiNS2-3,1.94525896
NbTiNX-1,-1.3833173
NbTiNX-2,0.0625263
NbTiNX-3,-0.8791231
NbVBCl2-1,2.3737076
NbVBCl2-2,2.368873
NbVBCl2-3,2.3517479
NbVBO2-1,0.471639
NbVBO2-2,1.6290271
NbVBO2-3,2.4577526
NbVBS2-1,0.2219008
NbVBS2-2,1.134686
NbVBS2-3,1.3264301
NbVBX-1,-1.27650793
NbVBX-2,0.42697127
NbVBX-3,-1.04051383
NbYBCl2-1,2.4209077
NbYBCl2-2,2.3263749
NbYBCl2-3,2.3258396
NbYBO2-1,0.1502123
NbYBO2-2,0.4750523
NbYBO2-3,2.3280894
NbYBS2-1,0.03585412
NbYBS2-2,0.78373472
NbYBS2-3,0.08507072
NbYBX-1,-1.21438393
NbYBX-2,0.11819785
NbYBX-3,-1.03467698
NbYCCl2-1,2.2016977
NbYCCl2-2,2.3647005
NbYCCl2-3,2.3343829
NbYCO2-1,0.8060634
NbYCO2-2,2.2593598
NbYCO2-3,2.379717
NbYCS2-1,0.56108032
NbYCS2-2,2.05930842
NbYCS2-3,1.37942522
NbYCX-1,-3.2559505
NbYCX-2,-2.038967
NbYCX-3,-3.0894628
NbYNF2-1,1.9927409
NbYNF2-2,0.7936358
NbYNF2-3,2.3096777
NbZrBCl2-1,2.5044362
NbZrBCl2-2,2.3361491
NbZrBCl2-3,2.3272621
NbZrBO2-1,0.3442026
NbZrBO2-2,1.7477945
NbZrBO2-3,2.3349509
NbZrBS2-1,0.14258033
NbZrBS2-2,1.04466273
NbZrBS2-3,0.91065703
NbZrBX-1,-1.3438031
NbZrBX-2,0.1389408
NbZrBX-3,-1.0273
NbZrNCl2-1,2.3122168
NbZrNCl2-2,2.2696541
NbZrNCl2-3,2.3273196
NbZrNO2-1,0.6177185
NbZrNO2-2,0.9286265
NbZrNO2-3,2.2927012
NbZrNS2-1,0.43036103
NbZrNS2-2,2.13082653
NbZrNS2-3,1.47652963
NbZrNX-1,-1.1027618
NbZrNX-2,-0.0146764
NbZrNX-3,-0.72217
ScCrCCl2-1,2.4565289
ScCrCCl2-2,2.3183759
ScCrCCl2-3,2.3346882
ScCrCO2-1,-2.3004808
ScCrCO2-2,2.2246613
ScCrCO2-3,2.2499459
ScCrCS2-1,-1.3387976
ScCrCS2-2,-1.0735885
ScCrCS2-3,-0.7092888
ScCrCX-1,-3.16836027
ScCrCX-2,-1.36237037
ScCrCX-3,-2.94375087
ScHfBF2-1,2.4644472
ScHfBF2-2,2.2977198
ScHfBF2-3,2.299853
ScMnCF2-1,2.3528783
ScMnCF2-2,2.3579082
ScMnCF2-3,2.3055226
ScMnNCl2-1,2.3378408
ScMnNCl2-2,2.3655152
ScMnNCl2-3,2.9279096
ScMnNO2-1,0.2598899
ScMnNO2-2,2.3051398
ScMnNO2-3,2.3070497
ScMnNS2-1,-0.35954225
ScMnNS2-2,0.22838935
ScMnNS2-3,0.41234095
ScMnNX-1,-1.12528761
ScMnNX-2,0.16753059
ScMnNX-3,-0.77536031
ScMoBF2-1,2.2906675
ScMoBF2-2,2.2757265
ScMoBF2-3,2.2624546
ScNbCF2-1,2.0961895
ScNbCF2-2,2.1359052
ScNbCF2-3,2.2595475
ScNbNCl2-1,2.393925
ScNbNCl2-2,2.2455021
ScNbNCl2-3,2.2873756
ScNbNO2-1,0.6047746
ScNbNO2-2,2.063516
ScNbNO2-3,2.074351
ScNbNS2-1,-0.5117626
ScNbNS2-2,0.051364
ScNbNS2-3,0.0309832
ScNbNX-1,-1.4206818
ScNbNX-2,0.3071539
ScNbNX-3,-0.6970394
ScScBCl2-1,2.3291998
ScScBCl2-2,2.2761639
ScScBCl2-3,2.34404
ScScBO2-1,-0.7853906
ScScBO2-2,2.2022017
ScScBO2-3,2.2457008
ScScBS2-1,-0.2127292
ScScBS2-2,0.2662173
ScScBS2-3,0.2021997
ScScBX-1,-1.11258259
ScScBX-2,1.03600332
ScScBX-3,-0.79225921
ScScCCl2-1,2.4217454
ScScCCl2-2,2.2711808
ScScCCl2-3,2.3587229
ScScCO2-1,-1.0928333
ScScCO2-2,2.1917614
ScScCO2-3,2.1774791
ScScCS2-1,-0.69135273
ScScCS2-2,-0.08898493
ScScCS2-3,-0.17933353
ScScCX-1,1.21983338
ScScCX-2,-0.01627802
ScScCX-3,-1.34016391
ScScNF2-1,2.4157638
ScScNF2-2,2.3398375
ScScNF2-3,2.294935
ScTiBCl2-1,2.2757662
ScTiBCl2-2,2.2838801
ScTiBCl2-3,2.3087817
ScTiBO2-1,-0.3695332
ScTiBO2-2,2.2234287
ScTiBO2-3,2.2991308
ScTiBS2-1,-0.31907068
ScTiBS2-2,0.26992272
ScTiBS2-3,0.14306342
ScTiBX-1,-1.11730852
ScTiBX-2,0.38437633
ScTiBX-3,-0.99350212
ScTiCCl2-1,2.3145069
ScTiCCl2-2,2.2796098
ScTiCCl2-3,2.3343107
ScTiCO2-1,-1.1850528
ScTiCO2-2,2.2651759
ScTiCO2-3,2.1211474
ScTiCS2-1,-0.56763205
ScTiCS2-2,0.02463845
ScTiCS2-3,-0.10310565
ScTiCX-1,-1.49401738
ScTiCX-2,0.33185329
ScTiCX-3,-1.33090668
ScVBF2-1,2.3249023
ScVBF2-2,2.2375837
ScVBF2-3,2.3890601
ScVCF2-1,2.3063512
ScVCF2-2,2.3016204
ScVCF2-3,2.3022404
ScVNF2-1,2.4359904
ScVNF2-2,2.2992179
ScVNF2-3,2.2919993
ScZrBCl2-1,2.3123436
ScZrBCl2-2,2.2937899
ScZrBCl2-3,2.3505687
ScZrBO2-1,-0.4719227
ScZrBO2-2,2.2706285
ScZrBO2-3,2.3175816
ScZrBS2-1,-0.29546197
ScZrBS2-2,0.33175613
ScZrBS2-3,0.19268883
ScZrBX-1,-1.02912067
ScZrBX-2,0.41542805
ScZrBX-3,-0.89838556
TiCrBF2-1,2.1898144
TiCrBF2-2,2.2027977
TiCrBF2-3,2.2768385
TiCrNF2-1,2.182526
TiCrNF2-2,2.3336385
TiCrNF2-3,2.2846333
TiHfBF2-1,2.4620436
TiHfBF2-2,2.3431583
TiHfBF2-3,2.2653942
TiMnBCl2-1,0.3694156
TiMnBCl2-2,0.2804518
TiMnBCl2-3,0.2720909
TiMnBO2-1,0.0031859
TiMnBO2-2,1.7428862
TiMnBO2-3,2.2446302
TiMnBS2-1,-0.06101885
TiMnBS2-2,0.65249465
TiMnBS2-3,-0.15538925
TiMnBX-1,-1.25985464
TiMnBX-2,-0.12756837
TiMnBX-3,-1.08373663
TiMoCCl2-1,2.0016629
TiMoCCl2-2,2.3448184
TiMoCCl2-3,2.3262563
TiMoCO2-1,-1.0382067
TiMoCO2-2,1.2161378
TiMoCO2-3,2.2879735
TiMoCS2-1,-1.19683592
TiMoCS2-2,-0.47387402
TiMoCS2-3,0.36904328
TiMoCX-1,-1.3081246
TiMoCX-2,0.0536613
TiMoCX-3,-0.9627403
TiMoNCl2-1,2.1379742
TiMoNCl2-2,2.2597156
TiMoNCl2-3,2.3501153
TiMoNO2-1,-0.9907632
TiMoNO2-2,0.61108
TiMoNO2-3,1.3278604
TiMoNS2-1,-1.0936336
TiMoNS2-2,-0.533127
TiMoNS2-3,-0.0049571
TiMoNX-1,-1.2713087
TiMoNX-2,-0.0268126
TiMoNX-3,-0.9576344
TiScCCl2-1,2.3592204
TiScCCl2-2,2.3111404
TiScCCl2-3,2.3246917
TiScCO2-1,-1.0216308
TiScCO2-2,2.1905917
TiScCO2-3,2.3972503
TiScCS2-1,-0.43554517
TiScCS2-2,0.40672643
TiScCS2-3,0.56330343
TiScCX-1,-1.4785982
TiScCX-2,0.03336683
TiScCX-3,-1.05267117
TiTiCCl2-1,2.1264036
TiTiCCl2-2,2.309941
TiTiCCl2-3,2.3215773
TiTiCO2-1,0.4748506
TiTiCO2-2,2.5590034
TiTiCO2-3,2.3359417
TiTiCS2-1,-0.20259915
TiTiCS2-2,0.66288545
TiTiCS2-3,0.83926535
TiTiCX-1,-1.2901448
TiTiCX-2,0.0862272
TiTiCX-3,-0.9074961
TiVNCl2-1,2.119563
TiVNCl2-2,2.3362245
TiVNCl2-3,2.3147198
TiVNO2-1,0.5958364
TiVNO2-2,1.2719174
TiVNO2-3,2.3315046
TiVNS2-1,-1.66771122
TiVNS2-2,-0.82387412
TiVNS2-3,0.18640088
TiVNX-1,-1.4790675
TiVNX-2,-0.2609777
TiVNX-3,-1.1970652
TiYCF2-1,2.5673996
TiYCF2-2,2.2133459
TiYCF2-3,2.290515
TiYNF2-1,2.3318834
TiYNF2-2,1.4157752
TiYNF2-3,2.287242
TiZrCF2-1,2.317931
TiZrCF2-2,2.3372758
TiZrCF2-3,2.2803682
VCrCF2-1,2.3810935
VCrCF2-2,2.161695
VCrCF2-3,2.2634299
VHfBCl2-1,1.6987928
VHfBCl2-2,2.3210465
VHfBCl2-3,2.3001316
VHfBO2-1,-0.2058947
VHfBO2-2,1.6767801
VHfBO2-3,2.1239677
VHfBS2-1,-0.14761358
VHfBS2-2,0.71184192
VHfBS2-3,1.28928862
VHfBX-1,-1.0946783
VHfBX-2,-0.0401504
VHfBX-3,-0.8649715
VMnCCl2-1,1.7941799
VMnCCl2-2,2.3133176
VMnCCl2-3,2.3173806
VMnCF2-1,1.2505766
VMnCF2-2,2.1049294
VMnCF2-3,2.2456313
VMnCO2-1,-1.2677909
VMnCO2-2,-0.4622673
VMnCO2-3,2.0434861
VMnCS2-1,-0.29403794
VMnCS2-2,0.30041636
VMnCS2-3,0.91098736
VMnCX-1,-1.2094553
VMnCX-2,-0.1769824
VMnCX-3,-0.9149262
VMoCCl2-1,1.7092497
VMoCCl2-2,2.2856296
VMoCCl2-3,2.2954092
VMoCO2-1,-1.3692035
VMoCO2-2,1.2935912
VMoCO2-3,-0.1072327
VMoCS2-1,-0.56579247
VMoCS2-2,0.29645053
VMoCS2-3,0.52561983
VMoCX-1,-1.416799
VMoCX-2,-0.5553863
VMoCX-3,-1.2940386
VNbBF2-1,1.1883325
VNbBF2-2,2.2040685
VNbBF2-3,2.3005655
VScBCl2-1,1.5153918
VScBCl2-2,2.4319286
VScBCl2-3,2.2730588
VScBO2-1,-0.2511072
VScBO2-2,1.6137197
VScBO2-3,2.2545013
VScBS2-1,-0.08125306
VScBS2-2,0.64959374
VScBS2-3,2.15206654
VScBX-1,-0.90215688
VScBX-2,-0.17501866
VScBX-3,-0.97570914
VScNCl2-1,2.1838018
VScNCl2-2,2.2586916
VScNCl2-3,2.3062474
VScNO2-1,-1.9091046
VScNO2-2,2.3582862
VScNO2-3,2.0328689
VScNS2-1,-1.14825194
VScNS2-2,0.78435896
VScNS2-3,1.49822216
VScNX-1,-0.7624392
VScNX-2,0.2103811
VScNX-3,-0.376167
VTiBF2-1,1.4957713
VTiBF2-2,2.1749648
VTiBF2-3,2.2488825
VTiNF2-1,1.7645834
VTiNF2-2,2.2941894
VTiNF2-3,2.2584475
VVNF2-1,1.4414291
VVNF2-2,1.8520686
VVNF2-3,2.2889442
VYCCl2-1,1.381997
VYCCl2-2,2.2222975
VYCCl2-3,2.2489395
VYCO2-1,-2.4907561
VYCO2-2,-0.3593479
VYCO2-3,1.9234623
VYCS2-1,-0.51801331
VYCS2-2,0.35948359
VYCS2-3,0.81863629
VYCX-1,-0.19249088
VYCX-2,0.73416496
VYCX-3,-0.62397848
VZrBF2-1,1.0425286
VZrBF2-2,2.1456095
VZrBF2-3,2.2590835
VZrNF2-1,2.1830637
VZrNF2-2,2.2825011
VZrNF2-3,2.2789157
YCrCCl2-1,3.1524593
YCrCCl2-2,2.3363406
YCrCCl2-3,2.3371202
YCrCF2-1,2.4965903
YCrCF2-2,2.3085885
YCrCF2-3,2.3073663
YCrCO2-1,-2.4474166
YCrCO2-2,2.0838756
YCrCO2-3,2.087555
YCrCS2-1,-1.6709789
YCrCS2-2,-1.3862534
YCrCS2-3,-1.1203035
YCrCX-1,-0.9304385
YCrCX-2,0.2047084
YCrCX-3,-0.7907059
YHfCF2-1,2.41068
YHfCF2-2,2.3040542
YHfCF2-3,2.3017703
YHfNCl2-1,2.4690195
YHfNCl2-2,2.3050618
YHfNCl2-3,2.3520843
YHfNO2-1,0.722033
YHfNO2-2,2.2619251
YHfNO2-3,2.2750652
YHfNS2-1,0.04051911
YHfNS2-2,0.32659801
YHfNS2-3,0.19973921
YHfNX-1,-2.0668269
YHfNX-2,-0.5356059
YHfNX-3,-1.3673912
YMnBF2-1,2.2191926
YMnBF2-2,2.3068591
YMnBF2-3,2.2886404
YMnNF2-1,2.1377829
YMnNF2-2,2.2624705
YMnNF2-3,2.4483174
YMoCCl2-1,2.5742215
YMoCCl2-2,2.2678338
YMoCCl2-3,2.3373163
YMoCO2-1,-0.6100723
YMoCO2-2,2.304305
YMoCO2-3,2.3984725
YMoCS2-1,-0.73476256
YMoCS2-2,-0.18819086
YMoCS2-3,-0.58782286
YMoCX-1,-1.0446807
YMoCX-2,0.4437262
YMoCX-3,-0.8078404
YNbBF2-1,2.1866901
YNbBF2-2,2.2896465
YNbBF2-3,2.2958497
YScBCl2-1,2.4765498
YScBCl2-2,2.3047529
YScBCl2-3,2.2590028
YScBO2-1,-0.4487696
YScBO2-2,2.2924024
YScBO2-3,2.3204075
YScBS2-1,-0.19344481
YScBS2-2,-2.84976061
YScBS2-3,-3.28286231
YScBX-1,-0.20970672
YScBX-2,0.47974501
YScBX-3,-0.73663664
YTiCCl2-1,2.5431161
YTiCCl2-2,2.3381524
YTiCCl2-3,2.3370071
YTiCO2-1,-1.2597049
YTiCO2-2,2.3355787
YTiCO2-3,2.3264336
YTiCS2-1,-0.43771287
YTiCS2-2,0.01157463
YTiCS2-3,-0.27839097
YTiCX-1,-0.90705409
YTiCX-2,0.54746592
YTiCX-3,-0.76653429
YVNCl2-1,2.5914341
YVNCl2-2,2.2960418
YVNCl2-3,2.3321956
YVNF2-1,2.4563258
YVNF2-2,1.8036965
YVNF2-3,2.2848787
YVNO2-1,-1.0329803
YVNO2-2,2.5971604
YVNO2-3,2.466957
YVNS2-1,-0.46481913
YVNS2-2,-1.47359823
YVNS2-3,-0.80721673
YVNX-1,-1.56394048
YVNX-2,-0.38136068
YVNX-3,-1.68761038
YYCCl2-1,2.5258809
YYCCl2-2,2.3490696
YYCCl2-3,2.3566653
YYCO2-1,-1.2557039
YYCO2-2,2.3014374
YYCO2-3,2.1189722
YYCS2-1,-0.63511081
YYCS2-2,-0.27240701
YYCS2-3,-0.36856051
YYCX-1,-0.32210248
YYCX-2,0.47426167
YYCX-3,-0.78445058
YYNCl2-1,2.7769632
YYNCl2-2,2.2907723
YYNCl2-3,2.3323378
YYNO2-1,-2.064589
YYNO2-2,0.3613471
YYNO2-3,-1.9830725
YYNS2-1,-0.51151333
YYNS2-2,-0.20342913
YYNS2-3,-0.30691153
YYNX-1,-2.20220983
YYNX-2,-0.21643594
YYNX-3,-1.76339414
YZrBF2-1,2.1829739
YZrBF2-2,2.3141077
YZrBF2-3,2.299991
ZrCrNF2-1,2.4492645
ZrCrNF2-2,2.3075251
ZrCrNF2-3,2.2929866
ZrHfBCl2-1,2.6828963
ZrHfBCl2-2,2.2932511
ZrHfBCl2-3,2.3127591
ZrHfBO2-1,0.4897637
ZrHfBO2-2,2.2590484
ZrHfBO2-3,2.2919075
ZrHfBS2-1,0.04810327
ZrHfBS2-2,0.59771717
ZrHfBS2-3,-0.26060643
ZrHfBX-1,-1.0946138
ZrHfBX-2,0.291299
ZrHfBX-3,-0.9342612
ZrMnCF2-1,2.837671
ZrMnCF2-2,2.3653609
ZrMnCF2-3,2.3000368
ZrMnNCl2-1,1.6534196
ZrMnNCl2-2,2.1692139
ZrMnNCl2-3,2.2829228
ZrMnNO2-1,0.1654463
ZrMnNO2-2,2.2738283
ZrMnNO2-3,-0.5746549
ZrMnNS2-1,0.08755725
ZrMnNS2-2,2.26362445
ZrMnNS2-3,0.84576205
ZrMnNX-1,-1.0967014
ZrMnNX-2,0.4996907
ZrMnNX-3,-0.8238342
ZrScCF2-1,2.4205723
ZrScCF2-2,1.5517271
ZrScCF2-3,2.3012144
ZrTiBCl2-1,2.7009549
ZrTiBCl2-2,2.261947
ZrTiBCl2-3,2.3290612
ZrTiBO2-1,-0.0383372
ZrTiBO2-2,2.2581636
ZrTiBO2-3,2.2843922
ZrTiBS2-1,0.14291747
ZrTiBS2-2,0.65691237
ZrTiBS2-3,-0.24795323
ZrTiBX-1,-1.19417581
ZrTiBX-2,0.32246173
ZrTiBX-3,-1.12152199
ZrTiNF2-1,2.2171885
ZrTiNF2-2,2.3428041
ZrTiNF2-3,2.2912337
ZrVBCl2-1,2.543756
ZrVBCl2-2,2.3560718
ZrVBCl2-3,2.3187544
ZrVBO2-1,0.4710607
ZrVBO2-2,2.1330881
ZrVBO2-3,2.3323411
ZrVBS2-1,0.15046642
ZrVBS2-2,0.67643612
ZrVBS2-3,1.34188722
ZrVBX-1,-1.3222239
ZrVBX-2,0.3105552
ZrVBX-3,-1.14259929
ZrVNCl2-1,2.3568146
ZrVNCl2-2,2.3144554
ZrVNCl2-3,2.3538042
ZrVNF2-1,2.2147387
ZrVNF2-2,2.3506667
ZrVNF2-3,2.3395114
ZrVNO2-1,1.0999879
ZrVNO2-2,-1.9374943
ZrVNO2-3,2.36546
ZrVNS2-1,-0.00524682
ZrVNS2-2,2.27889898
ZrVNS2-3,0.23929288
ZrVNX-1,-1.4062954
ZrVNX-2,3.4471864
ZrVNX-3,0.3411233
ZrYBF2-1,2.1881295
ZrYBF2-2,2.2323389
ZrYBF2-3,2.294264
ZrZrCF2-1,2.4684159
ZrZrCF2-2,2.3656065
ZrZrCF2-3,2.2960518
